{"cameraMode":{"drawMode":0,"name":"Shaded","section":"Shading Mode"},"sceneLighting":false,"audioPlay":false,"sceneViewState":{"m_AlwaysRefresh":false,"showFog":true,"showSkybox":false,"showFlares":true,"showImageEffects":true,"showParticleSystems":true,"showVisualEffectGraphs":true,"m_FxEnabled":true},"in2DMode":false,"pivot":{"x":10.888466835021973,"y":0.12214899063110352,"z":-0.09109735488891602},"rotation":{"x":0.6047864556312561,"y":-0.0023891348391771318,"z":0.0018143615452572704,"w":0.7963835000991821},"size":1.4854094982147217,"orthographic":false}